                  epoch,         train/box_loss,         train/cls_loss,         train/dfl_loss,   metrics/precision(B),      metrics/recall(B),       metrics/mAP50(B),    metrics/mAP50-95(B),           val/box_loss,           val/cls_loss,           val/dfl_loss,                 lr/pg0,                 lr/pg1,                 lr/pg2
                      1,                 1.2701,                 4.0284,                 1.3133,                0.01025,                0.73333,                0.09806,                0.08769,                0.67939,                 3.8853,                0.95891,               9.09e-06,               9.09e-06,               9.09e-06
                      2,                 1.0781,                 3.9229,                  1.193,                0.01126,                0.75833,                0.13919,                0.11991,                  0.682,                 3.8716,                0.95333,             2.1871e-05,             2.1871e-05,             2.1871e-05
                      3,                 1.1129,                 3.9653,                 1.2141,                  0.011,                0.69167,                0.16412,                0.13893,                0.67836,                 3.8774,                0.95371,             2.7452e-05,             2.7452e-05,             2.7452e-05
                      4,                  1.367,                 3.9602,                 1.3766,                 0.0115,                0.69167,                0.20007,                0.17015,                0.67654,                 3.8729,                0.94483,             2.5834e-05,             2.5834e-05,             2.5834e-05
                      5,                0.99478,                 3.8652,                 1.1761,                0.01219,                0.69167,                0.20542,                0.17366,                0.68511,                 3.8616,                0.94262,             1.7016e-05,             1.7016e-05,             1.7016e-05
